user_id|role|message
496616059|user|hi
496616059|assistant|–ü—Ä–∏–≤–µ—Ç! –ö–∞–∫ –≤–∞—Å –∑–æ–≤—É—Ç?
496616059|user|–õ–µ—Ä–∞
496616059|assistant|–û—Ç–ª–∏—á–Ω–æ, –õ–µ—Ä–∞! –¢–µ–ø–µ—Ä—å –¥–∞–≤–∞–π –Ω–µ–º–Ω–æ–≥–æ –±–ª–∏–∂–µ –ø–æ–∑–Ω–∞–∫–æ–º–∏–º—Å—è. –°–∫–∞–∂–∏, –ø–æ–∂–∞–ª—É–π—Å—Ç–∞, –∫–∞–∫–æ–π —É —Ç–µ–±—è —Ä–æ—Å—Ç?
496616059|user|170
496616059|assistant|–°–ø–∞—Å–∏–±–æ, –õ–µ—Ä–∞! –ê –∫–∞–∫–æ–π —É —Ç–µ–±—è –≤–µ—Å?
496616059|user|70
496616059|assistant|–°—É–ø–µ—Ä, –õ–µ—Ä–∞! –¢–µ–ø–µ—Ä—å —Ä–∞—Å—Å–∫–∞–∂–∏, –Ω–∞ –∫–∞–∫–æ–º —É—Ä–æ–≤–Ω–µ —Ç—ã –∫–∞—Ç–∞–µ—à—å—Å—è: –∞) –Ω–æ–≤–∏—á–æ–∫, –±) –ø—Ä–æ–¥–≤–∏–Ω—É—Ç—ã–π –∏–ª–∏ –≤) —ç–∫—Å–ø–µ—Ä—Ç?
496616059|user|–∞
496616059|assistant|–ü–æ–Ω—è–ª–∞, —Ç—ã –Ω–æ–≤–∏—á–æ–∫! –≠—Ç–æ –∑–Ω–∞—á–∏—Ç, —á—Ç–æ –Ω–∞–º –Ω—É–∂–µ–Ω –ø–æ–¥—Ö–æ–¥—è—â–∏–π —Å–Ω–æ—É–±–æ—Ä–¥. –¢–µ–ø–µ—Ä—å –¥–∞–≤–∞–π –æ–ø—Ä–µ–¥–µ–ª–∏–º –ø–æ–ª. –ö–∞–∫–æ–π —É —Ç–µ–±—è –ø–æ–ª: –∂–µ–Ω—Å–∫–∏–π, –º—É–∂—Å–∫–æ–π –∏–ª–∏ —É–Ω–∏—Å–µ–∫—Å?
496616059|user|2
496616059|assistant|–í—Å—ë –ø–æ–Ω—è—Ç–Ω–æ ‚Äî —ç—Ç–æ –∑–Ω–∞—á–∏—Ç, —á—Ç–æ —Ç–µ–±–µ –Ω—É–∂–µ–Ω –∂–µ–Ω—Å–∫–∏–π —Å–Ω–æ—É–±–æ—Ä–¥. –¢–µ–ø–µ—Ä—å —Ä–∞—Å—Å–∫–∞–∂–∏, –≥–¥–µ —Ç—ã –ø–ª–∞–Ω–∏—Ä—É–µ—à—å –∫–∞—Ç–∞—Ç—å—Å—è: –∞) —É–Ω–∏–≤–µ—Ä—Å–∞–ª—å–Ω—ã–π (All-mountain), –±) —Ñ—Ä–∏—Ä–∞–π–¥ (Freeride), –≤) —Ñ—Ä–∏—Å—Ç–∞–π–ª (Freestyle) –∏–ª–∏ –≥) —Å–ø–ª–∏—Ç–±–æ—Ä–¥ (Splitboard)?
496616059|user|–ù–µ—Ç, —É –º–µ–Ω—è –º—É–∂—Å–∫–æ–π –ø–æ–ª
496616059|assistant|–û, —è—Å–Ω–æ, –õ–µ—Ä–∞! –¢–æ –µ—Å—Ç—å, —Ç–µ–±–µ –Ω—É–∂–µ–Ω –º—É–∂—Å–∫–æ–π —Å–Ω–æ—É–±–æ—Ä–¥. –¢–µ–ø–µ—Ä—å —Ä–∞—Å—Å–∫–∞–∂–∏, –≥–¥–µ —Ç—ã –ø–ª–∞–Ω–∏—Ä—É–µ—à—å –∫–∞—Ç–∞—Ç—å—Å—è: –∞) —É–Ω–∏–≤–µ—Ä—Å–∞–ª—å–Ω—ã–π (All-mountain), –±) —Ñ—Ä–∏—Ä–∞–π–¥ (Freeride), –≤) —Ñ—Ä–∏—Å—Ç–∞–π–ª (Freestyle) –∏–ª–∏ –≥) —Å–ø–ª–∏—Ç–±–æ—Ä–¥ (Splitboard)?
496616059|user|–∞
496616059|assistant|–û—Ç–ª–∏—á–Ω–æ, —É–Ω–∏–≤–µ—Ä—Å–∞–ª—å–Ω—ã–π (All-mountain) ‚Äî —ç—Ç–æ —Ö–æ—Ä–æ—à–∏–π –≤—ã–±–æ—Ä! –¢–µ–ø–µ—Ä—å –¥–∞–≤–∞–π –æ–ø—Ä–µ–¥–µ–ª–∏–º—Å—è —Å –∫–∞–º–µ—Ä–æ–π. –ö–∞–∫–æ–π –∫–∞–º–±–µ—Ä —Ç—ã –ø—Ä–µ–¥–ø–æ—á–∏—Ç–∞—à—å: –∞) –∫–∞–º–±–µ—Ä (Camber), –±) —Ä–æ–∫–µ—Ä (Rocker), –≤) —Ñ–ª–∞—Ç (Flat) –∏–ª–∏ –≥) –≥–∏–±—Ä–∏–¥ (Hybrid)?
496616059|user|–±
496616059|assistant|–ó–∞–º–µ—á–∞—Ç–µ–ª—å–Ω–æ, —Ä–æ–∫–µ—Ä ‚Äî –æ—Ç–ª–∏—á–Ω—ã–π –≤—ã–±–æ—Ä –¥–ª—è –ª–µ–≥–∫–æ—Å—Ç–∏ –≤ —É–ø—Ä–∞–≤–ª–µ–Ω–∏–∏! –¢–µ–ø–µ—Ä—å, –µ—Å–ª–∏ —Ö–æ—á–µ—à—å, –º–æ–∂–µ—à—å –ø–æ–¥–µ–ª–∏—Ç—å—Å—è —Å–≤–æ–∏–º –±—é–¥–∂–µ—Ç–æ–º. –ö–∞–∫–æ–π —É —Ç–µ–±—è —Ü–µ–Ω–æ–≤–æ–π –¥–∏–∞–ø–∞–∑–æ–Ω?
496616059|user|–Ω–µ
496616059|assistant|–ü–æ–Ω—è–ª–∞, –õ–µ—Ä–∞, –±–µ–∑ –±—é–¥–∂–µ—Ç–∞ —Ç–æ–∂–µ –æ–±–æ–π–¥—ë–º—Å—è! –ê –∫–∞–∫ –Ω–∞—Å—á–µ—Ç –±—Ä–µ–Ω–¥–∞? –ü—Ä–µ–¥–ø–æ—á–∏—Ç–∞–µ—à—å –∫–∞–∫—É—é-—Ç–æ –º–∞—Ä–∫—É?
496616059|user|—ã–≤–∞–ø
496616059|assistant|–•–∞-—Ö–∞, –ø–æ–Ω—è—Ç–Ω–µ–Ω—å–∫–æ! –ï—Å–ª–∏ –±—Ä–µ–Ω–¥–∞ –Ω–µ—Ç –ø—Ä–µ–¥–ø–æ—á—Ç–µ–Ω–∏–π, —Ç–æ–∂–µ —Ö–æ—Ä–æ—à–æ. –ò –ø–æ—Å–ª–µ–¥–Ω–∏–π –≤–æ–ø—Ä–æ—Å: –µ—Å—Ç—å –ª–∏ —É —Ç–µ–±—è –æ—Å–æ–±—ã–µ –ø—Ä–µ–¥–ø–æ—á—Ç–µ–Ω–∏—è –ø–æ –¥–∏–∑–∞–π–Ω—É, —Ü–≤–µ—Ç—É –∏–ª–∏ —Ä–∏—Å—É–Ω–∫—É —Å–Ω–æ—É–±–æ—Ä–¥–∞?
496616059|user|–∫—Ä–∞–∞—Å–Ω—ã–π
496616059|assistant|"–ö–ª–∞—Å—Å–Ω–æ! –ö—Ä–∞—Å–Ω—ã–π —Ü–≤–µ—Ç ‚Äî —ç—Ç–æ –≤—Å–µ–≥–¥–∞ —Å—Ç–∏–ª—å–Ω–æ. –î–∞–≤–∞–π –ø–æ–¥—ã—Ç–æ–∂–∏–º –∏–Ω—Ñ–æ—Ä–º–∞—Ü–∏—é, –∫–æ—Ç–æ—Ä—É—é –º—ã —Å–æ–±—Ä–∞–ª–∏:

- –ò–º—è: –õ–µ—Ä–∞
- –†–æ—Å—Ç: 170 —Å–º
- –í–µ—Å: 70 –∫–≥
- –£—Ä–æ–≤–µ–Ω—å –∫–∞—Ç–∞–Ω–∏—è: –Ω–æ–≤–∏—á–æ–∫
- –ü–æ–ª: –º—É–∂—Å–∫–æ–π
- –°—Ç–∏–ª—å: —É–Ω–∏–≤–µ—Ä—Å–∞–ª—å–Ω—ã–π (All-mountain)
- –ö–∞–º–±–µ—Ä: —Ä–æ–∫–µ—Ä
- –¶–µ–Ω–∞: –Ω–µ —É–∫–∞–∑–∞–Ω–∞
- –ë—Ä–µ–Ω–¥: –Ω–µ —É–∫–∞–∑–∞–Ω
- –î–∏–∑–∞–π–Ω: –∫—Ä–∞—Å–Ω—ã–π

–ü–æ–∂–∞–ª—É–π—Å—Ç–∞, –ø—Ä–æ–≤–µ—Ä—å, –≤—Å–µ –ª–∏ –¥–∞–Ω–Ω—ã–µ –≤–µ—Ä–Ω—ã–µ –∏ –¥–∞–π –∑–Ω–∞—Ç—å, –µ—Å–ª–∏ —á—Ç–æ-—Ç–æ –Ω–µ —Ç–∞–∫! –ï—Å–ª–∏ –≤—Å—ë –ø—Ä–∞–≤–∏–ª—å–Ω–æ, –ø—Ä–æ—Å—Ç–æ –Ω–∞–ø–∏—à–∏ ""–æ–∫""."
496616059|user|–æ–∫
496616059|assistant|"–û—Ç–ª–∏—á–Ω–æ! –í–æ—Ç —Ç–≤–æ–∏ –¥–∞–Ω–Ω—ã–µ:

```json
{
  ""Name"": ""–õ–µ—Ä–∞"",
  ""Height"": ""170"",
  ""Weight"": ""70"",
  ""Riding_level"": ""–Ω–æ–≤–∏—á–æ–∫"",
  ""Gender"": ""–º—É–∂—Å–∫–æ–π"",
  ""Style"": ""—É–Ω–∏–≤–µ—Ä—Å–∞–ª—å–Ω—ã–π (All-mountain)"",
  ""Camber"": ""—Ä–æ–∫–µ—Ä"",
  ""Price"": """",
  ""Brand"": """",
  ""Design"": ""–∫—Ä–∞—Å–Ω—ã–π""
}
```

–ï—Å–ª–∏ –±—É–¥—É—Ç –≤–æ–ø—Ä–æ—Å—ã –∏–ª–∏ –ø–æ–Ω–∞–¥–æ–±–∏—Ç—Å—è –ø–æ–º–æ—â—å, –≤—Å–µ–≥–¥–∞ —Ä–∞–¥ –ø–æ–º–æ—á—å! –ñ–µ–ª–∞—é –æ—Ç–ª–∏—á–Ω—ã—Ö –∫–∞—Ç–∞–Ω–∏–π –Ω–∞ —Å–Ω–æ—É–±–æ—Ä–¥–µ! üèÇ"
